id,name,grade,email,courses
88,Len Rosa,,eu.odio.phasellus@icloud.ca,
89,Kelly Kane,,quisque.imperdiet@hotmail.couk,
90,Ferris Bishop,,egestas@google.couk,
91,Kenyon Fields,,sem@aol.edu,
92,Kane Wise,,in.tempus@outlook.org,
93,Alyssa Wilkinson,,aliquet.proin@outlook.org,
94,Isaac Booth,,eleifend.egestas.sed@yahoo.edu,
95,Glenna Short,,convallis.in.cursus@icloud.ca,
96,Abraham Stephenson,,lobortis.tellus@outlook.org,
97,Martin Lucas,,sapien.molestie@yahoo.net,
10,Celeste Lynn,,consequat.purus@icloud.com,
98,Jaden Rivas,,nec@google.org,
11,Gemma Estrada,,eu.dolor@protonmail.couk,
99,Zahir Mueller,,eget@hotmail.com,
12,Chaney Greene,,fermentum.convallis.ligula@icloud.ca,
13,Solomon Cantrell,,nec.metus@yahoo.com,
14,Hope Huber,,felis.nulla.tempor@aol.ca,
15,Edward Woodard,,vitae.nibh@aol.ca,
16,Kitra Dotson,,mi.aliquam.gravida@yahoo.net,
17,Conan Stanley,,class.aptent@protonmail.couk,
18,Portia Garcia,,in.tincidunt.congue@yahoo.edu,
19,Britanney Nunez,,montes@aol.net,
1,Malcolm Barnes,,velit.aliquam@outlook.couk,
2,Devin Crane,,eu.sem@outlook.edu,
3,Isaiah Jacobson,,class.aptent@icloud.net,
4,Cedric Burris,,vitae.dolor.donec@aol.net,
5,Mark Delgado,,quis.massa.mauris@aol.com,
6,Fritz Howe,,nunc.in@hotmail.couk,
7,Walker Tate,,arcu.et@outlook.couk,
8,Wallace Fischer,,viverra.donec@hotmail.org,
9,Wayne Frost,,felis.ullamcorper@hotmail.org,
20,Alea Sherman,,vestibulum.massa@icloud.com,
21,Brynn Sweeney,,quisque.ac@aol.couk,
22,Ila Carr,,leo@icloud.net,
23,Vivian Henderson,,nunc@outlook.edu,
24,Kristen Bray,,ipsum@aol.ca,
25,Mollie Schmidt,,luctus.sit@outlook.edu,
26,Lillian Huber,,risus.donec@outlook.net,
27,Merritt Christensen,,sit.amet.metus@google.ca,
28,Uriel Beck,,aliquam.fringilla@protonmail.edu,
29,Martha Sharp,,lobortis.class@hotmail.edu,
30,Julian Castillo,,id@outlook.edu,
31,Idona Webster,,et@protonmail.couk,
32,Portia Harris,,leo.elementum@protonmail.couk,
33,Joelle Hinton,,blandit@google.edu,
34,Janna Curry,,molestie.pharetra@yahoo.edu,
35,Leroy Atkinson,,a.nunc@hotmail.couk,
36,Stacy Stuart,,dolor.fusce@icloud.couk,
37,Joy Mejia,,nec.ligula.consectetuer@icloud.couk,
38,Robin Byrd,,sed@hotmail.ca,
39,Priscilla Oliver,,phasellus.elit.pede@aol.couk,
40,Macy Lucas,,justo.nec@outlook.ca,
41,Maxwell Atkinson,,in.faucibus.orci@google.net,
42,Deborah Weber,,cras.vulputate@hotmail.ca,
43,Asher Sampson,,sed.sapien@yahoo.com,
44,Fritz Mason,,aliquam.tincidunt@aol.org,
45,Drew Lester,,ultrices@hotmail.org,
46,Victor Branch,,praesent.luctus@aol.couk,
47,Jamalia Glenn,,ultrices.duis.volutpat@outlook.org,
48,Debra Velez,,consequat.lectus@yahoo.com,
49,Arthur Lyons,,conubia.nostra@google.com,
50,Steel Bradshaw,,dolor.fusce@google.net,
52,Kim Dennis,,amet@icloud.com,
53,Rose Dominguez,,est.congue@yahoo.edu,
54,Candace Lancaster,,primis.in.faucibus@yahoo.net,
55,Mark Mays,,velit.sed@hotmail.net,
56,Athena Mccall,,a.dui@hotmail.edu,
57,Barrett Valencia,,pede@yahoo.org,
58,Daniel Cantu,,feugiat.nec@protonmail.couk,
59,Aquila Sexton,,eget@aol.edu,
60,Dawn Owen,,vulputate.nisi@outlook.edu,
61,Steven Warner,,justo@outlook.net,
62,Jack Keller,,facilisis.non@icloud.ca,
63,Ashton Mcclure,,ultricies.ligula@hotmail.net,
64,Autumn Hart,,morbi@protonmail.com,
65,Kenneth Mccormick,,at.velit@outlook.net,
66,Rhiannon Shepard,,tempus@protonmail.net,
67,Hermione Franklin,,ante.dictum@yahoo.ca,
68,Deirdre Dotson,,sit@aol.edu,
69,Cheryl Nichols,,nam.porttitor@protonmail.net,
70,Rogan Collier,,ut.tincidunt@protonmail.edu,
71,Janna Ayala,,egestas.blandit.nam@yahoo.com,
72,Declan Thornton,,donec.tempus@outlook.net,
73,Calista Gross,,euismod.urna.nullam@yahoo.net,
74,Cameran Pierce,,fames.ac@outlook.edu,
75,Keegan Gonzales,,ultrices.duis@icloud.ca,
76,Yardley Cherry,,arcu.sed@outlook.com,
77,Roary Nichols,,quisque.purus.sapien@yahoo.couk,
78,Jordan Payne,,nullam.feugiat.placerat@outlook.net,
79,Maggy Mcmahon,,sem@outlook.org,
100,Hilel Hodges,,interdum@hotmail.edu,
80,Maxine Mccarty,,tincidunt.donec.vitae@hotmail.ca,
81,Bruce Maddox,,quisque.purus@protonmail.couk,
82,Ezra Levy,,donec.non@google.edu,
83,Nasim Lambert,,cursus@aol.couk,
84,Walter Barnes,,auctor.odio@yahoo.edu,
85,Jenna Lambert,,sagittis.felis.donec@outlook.com,
86,Abraham Townsend,,facilisis.non@google.org,
87,Ima Mcdonald,,cubilia@outlook.com,
